symbol,name,currency,exchange,type
AAB,Aberdeen International Inc.,CAD,TSX,Common Stock
AAPL,Apple Inc.,CAD,TSX,Depositary Receipt
AAUC,Allied Gold Corporation,CAD,TSX,Common Stock
AAV,Advantage Energy Ltd.,CAD,TSX,Common Stock
ABBV,AbbVie Inc. CDR,CAD,TSX,Depositary Receipt
ABNB,"Airbnb, Inc.",CAD,TSX,Depositary Receipt
ABRA,Abrasilver Resource Corp.,CAD,TSX,Common Stock
ABT,Abbott Laboratories CDR,CAD,TSX,Depositary Receipt
ABX,BARRICK MINING CORP Common Stock (ABR0),CAD,TSX,Common Stock
AC,Air Canada,CAD,TSX,Common Stock
ACB,Aurora Cannabis Inc.,CAD,TSX,Common Stock
ACD,Accord Financial Corp.,CAD,TSX,Common Stock
ACO.X,Atco Ltd.,CAD,TSX,Common Stock
ACQ,AutoCanada Inc.,CAD,TSX,Common Stock
ACX,Act Energy Technologies Ltd.,CAD,TSX,Common Stock
ADBE,ADBE,CAD,TSX,Common Stock
ADCO,Adcore Inc.,CAD,TSX,Common Stock
AD.DBB,AD.DBB,CAD,TSX,Common Stock
AD.DBC,AD.DBC,CAD,TSX,Common Stock
ADEN,Adentra Inc.,CAD,TSX,Common Stock
ADN,Acadian Timber Corp.,CAD,TSX,Common Stock
ADW.A,Andrew Peller Ltd.,CAD,TSX,Common Stock
ADW.B,Andrew Peller Ltd.,CAD,TSX,Common Stock
AEG,Aegis Brands Inc.,CAD,TSX,Common Stock
AEM,Agnico Eagle Mines Limited,CAD,TSX,Common Stock
AFN,Ag Growth International Inc.,CAD,TSX,Common Stock
AFN.DBK,AFN.DBK,CAD,TSX,Common Stock
AG,First Majestic Silver Corp,CAD,TSX,Common Stock
AGF.B,AGF Management Ltd.,CAD,TSX,Common Stock
AGI,Alamos Gold Inc.,CAD,TSX,Common Stock
AI,Atrium Mortgage Investment Corporation,CAD,TSX,Common Stock
AIDX,Healwell AI Inc.,CAD,TSX,Common Stock
AIF,Altus Group Ltd.,CAD,TSX,Common Stock
AII,Almonty Industries Inc.,CAD,TSX,Common Stock
AIM,Aimia Inc.,CAD,TSX,Common Stock
AIM.PR.A,Aimia Inc. Preferred Stock 4.802% Perpetual,CAD,TSX,Preferred Stock
AIM.PR.C,Aimia Inc. Preferred Stock 7.773% Perpetual,CAD,TSX,Preferred Stock
AIM.PR.D,Aimia Inc. Preferred Stock 7.249% Perpetual,CAD,TSX,Preferred Stock
AKT.A,Akita Drilling Ltd.,CAD,TSX,Common Stock
AKT.B,Akita Drilling Ltd.,CAD,TSX,Common Stock
ALA,AltaGas Ltd.,CAD,TSX,Common Stock
ALA.PR.G,AltaGas Ltd,CAD,TSX,Preferred Stock
ALC,Algoma Central Corporation,CAD,TSX,Common Stock
ALK,Alkane Resources Limited,CAD,TSX,Common Stock
ALS,Altius Minerals Corporation,CAD,TSX,Common Stock
ALYA,Alithya Group Inc.,CAD,TSX,Common Stock
ALZ,Allianz SE Canadian Depositary Receipt,CAD,TSX,Depositary Receipt
AMAT,"Applied Materials, Inc.",CAD,TSX,Depositary Receipt
AMC,Arizona Metals Corp,CAD,TSX,Common Stock
AMD,"Advanced Micro Devices, Inc. CDR",CAD,TSX,Depositary Receipt
AMGN,Amgen Inc. Canadian Depositary Receipt,CAD,TSX,Depositary Receipt
AMZN,Amazon.com Inc. - Canadian Depositary Receipt,CAD,TSX,Depositary Receipt
ANET,"Arista Networks, Inc.",CAD,TSX,Depositary Receipt
ANRG,Anaergia Inc.,CAD,TSX,Common Stock
APLI,Appili Therapeutics Inc.,CAD,TSX,Common Stock
APM,Andean Precious Metals Corp.,CAD,TSX,Common Stock
APPS,AppLovin Corp.,CAD,TSX,Depositary Receipt
APR.UN,Automotive Properties Real Estate Investment Trust,CAD,TSX,REIT
APS,Aptose Biosciences Inc.,CAD,TSX,Common Stock
AP.UN,Allied Properties Real Estate Investment Trust,CAD,TSX,REIT
AQN,Algonquin Power & Utilities Corp.,CAD,TSX,Common Stock
AQN.PR.A,Algonquin Power & Utilities Corp. 6.469% Perpetual Preferred Stock,CAD,TSX,Preferred Stock
AQN.PR.D,Algonquin Power & Utilities Corp. Preferred 6.853% Perp,CAD,TSX,Preferred Stock
ARA,Aclara Resources Inc.,CAD,TSX,Common Stock
ARE,Aecon Group Inc.,CAD,TSX,Common Stock
ARG,Amerigo Resources Ltd.,CAD,TSX,Common Stock
ARIS,Aris Mining Corp.,CAD,TSX,Common Stock
ARX,Arc Resources Ltd.,CAD,TSX,Common Stock
ASCU,Arizona Sonoran Copper Company Inc.,CAD,TSX,Common Stock
ASM,Avino Silver & Gold Mines Ltd.,CAD,TSX,Common Stock
ASML,ASML Holding N.V. Depositary Receipt,CAD,TSX,Depositary Receipt
ASTL,Algoma Steel Group Inc.,CAD,TSX,Common Stock
ATCU,Alta Copper Corp,CAD,TSX,Common Stock
ATD,Alimentation Couche-Tard Inc.,CAD,TSX,Common Stock
ATH,Athabasca Oil Corporation,CAD,TSX,Common Stock
ATRL,AtkinsRéalis Group Inc.,CAD,TSX,Common Stock
ATS,ATS Corporation,CAD,TSX,Common Stock
ATZ,Aritzia Inc.,CAD,TSX,Common Stock
AUMN,Golden Minerals Company,CAD,TSX,Common Stock
AVCN,Avicanna Inc.,CAD,TSX,Common Stock
AVGO,Broadcom Inc Canadian Depositary Receipt (CAD Hedged),CAD,TSX,Depositary Receipt
AVL,Avalon Advanced Materials Inc.,CAD,TSX,Common Stock
AVNT,Avant Brands Inc.,CAD,TSX,Common Stock
AW,A&W Food Services of Canada Inc.,CAD,TSX,Common Stock
AXP,American Express Company,CAD,TSX,Depositary Receipt
AX.PR.E,Artis Real Estate Investment Trust Preferred Series	axp-E,CAD,TSX,Preferred Stock
AX.PR.I,Artis Real Estate Investment Trust Preferred 6.905% Perpetual,CAD,TSX,Preferred Stock
AX.UN,Artis Real Estate Investment Trust,CAD,TSX,REIT
AYA,Aya Gold & Silver Inc.,CAD,TSX,Common Stock
AZO,AutoZone Inc. CDR,CAD,TSX,Depositary Receipt
BA,Boeing Company Canadian Depositary Receipt,CAD,TSX,Depositary Receipt
BABY,Else Nutrition Holdings Inc.,CAD,TSX,Common Stock
BAM,Brookfield Asset Management Inc.,CAD,TSX,Common Stock
BAMI,Blue Ant Media Corporation,CAD,TSX,Common Stock
BB,BlackBerry Ltd.,CAD,TSX,Common Stock
BBD.A,Bombardier Inc.,CAD,TSX,Common Stock
BBD.B,Bombardier Inc.,CAD,TSX,Common Stock
BBD.PR.B,Bombardier Inc. Preferred Stock 5.45% Perpetual,CAD,TSX,Preferred Stock
BBD.PR.C,Bombardier Inc. Preferred Stock 6.25% PERP,CAD,TSX,Preferred Stock
BBD.PR.D,Bombardier Inc,CAD,TSX,Preferred Stock
BBUC,Brookfield Business Partners L.P.,CAD,TSX,Common Stock
BBU.UN,Brookfield Business Partners L.P.,CAD,TSX,Limited Partnership
BCE,BCE Inc.,CAD,TSX,Common Stock
BCE.PR.A,BCE Inc. Preferred Stock 4.94% Perpetual,CAD,TSX,Preferred Stock
BCE.PR.B,BCE Inc. 5.2% Perpetual Preferred Stock,CAD,TSX,Preferred Stock
BCE.PR.C,BCE Inc. Preferred Stock 5.08% Perpetual,CAD,TSX,Preferred Stock
BCE.PR.D,BCE Inc. 5.45% Perpetual Preferred Stock,CAD,TSX,Preferred Stock
BCE.PR.E,BCE Inc. Preferred Stock 5.45% Perpetual,CAD,TSX,Preferred Stock
BCE.PR.F,BCE Inc. Preferred 3.865 Perpetual,CAD,TSX,Preferred Stock
BCE.PR.G,BCE Inc. 3.37% Perpetual Preferred Stock,CAD,TSX,Preferred Stock
BCE.PR.H,BCE Inc,CAD,TSX,Preferred Stock
BCE.PR.I,BCE Inc. Preferred Stock Series AI 3.39% Perpetual,CAD,TSX,Preferred Stock
BCE.PR.J,BCE Inc. 5.45% Perpetual Preferred Stock,CAD,TSX,Preferred Stock
BCE.PR.K,BCE Inc,CAD,TSX,Preferred Stock
BCE.PR.L,BCE Inc. Preferred 4.98% Perpetual,CAD,TSX,Preferred Stock
BCE.PR.M,BCE Inc. Preferred Stock 2.939% Perpetual,CAD,TSX,Preferred Stock
BCE.PR.N,BCE Inc. Preferred Stock 5.16% Perpetual,CAD,TSX,Preferred Stock
BCE.PR.Q,BCE Inc. Preferred Stock 6.538% Perpetual,CAD,TSX,Preferred Stock
BCE.PR.R,BCE Inc. Preferred Stock Series V3.018 Perpetual,CAD,TSX,Preferred Stock
BCE.PR.S,BCE Inc. Preferred Stock 5.45% Perpetual,CAD,TSX,Preferred Stock
BCE.PR.T,BCE Inc. 4.99% Perpetual Preferred Stock,CAD,TSX,Preferred Stock
BCE.PR.Y,BCE Inc. Preferred Stock 5.45% Perpetual,CAD,TSX,Preferred Stock
BCE.PR.Z,BCE Inc. Preferred Stock 5.346% Perpetual,CAD,TSX,Preferred Stock
BCHT,Birchtech Corp.,CAD,TSX,Common Stock
BCT,BriaCell Therapeutics Corp.,CAD,TSX,Common Stock
BDGI,Badger Infrastructure Solutions Ltd.,CAD,TSX,Common Stock
BDI,Black Diamond Group Limited,CAD,TSX,Common Stock
BDT,Bird Construction Inc.,CAD,TSX,Common Stock
BEI.UN,Boardwalk Real Estate Investment Trust,CAD,TSX,REIT
BEK.B,Becker Milk Co. Ltd.,CAD,TSX,Common Stock
BENZ,Mercedes-Benz Group AG Depositary Receipt,CAD,TSX,Depositary Receipt
BEPC,Brookfield Renewable Corporation,CAD,TSX,Common Stock
BEP.PR.G,Brookfield Renewable Partners L.P. 5.50% Preferred Stock,CAD,TSX,Preferred Stock
BEP.PR.M,Brookfield Renewable Partners Preferred 6.05% Perpetual,CAD,TSX,Preferred Stock
BEP.PR.R,Brookfield Renewable Partners L.P. 5.5% Perpetual Preferred,CAD,TSX,Preferred Stock
BEP.UN,Brookfield Renewable Partners L.P.,CAD,TSX,Limited Partnership
BHC,Bausch Health Companies Inc.,CAD,TSX,Common Stock
BIPC,Brookfield Infrastructure Partners L.P.,CAD,TSX,Common Stock
BIP.PR.B,Brookfield Infrastructure Partners L.P. Preferred 5.5% Perpetual,CAD,TSX,Preferred Stock
BIP.PR.E,Brookfield Infrastructure Partners L.P. Preferred Stock 6.642% Perpetual,CAD,TSX,Preferred Stock
BIP.PR.F,Brookfield Infrastructure Partners L.P. Preferred Stock 6.446% Perpetual,CAD,TSX,Preferred Stock
BIP.UN,Brookfield Infrastructure Partners L.P.,CAD,TSX,Limited Partnership
BIR,Birchcliff Energy Ltd.,CAD,TSX,Common Stock
BITC.U,Bitcoin Trust,USD,TSX,Common Stock
BITF,Bitfarms Ltd.,CAD,TSX,Common Stock
BKI,Black Iron Inc.,CAD,TSX,Common Stock
BKNG,Booking Holdings Inc.,CAD,TSX,Depositary Receipt
BK.PR.A,Canadian Banc Corp.,CAD,TSX,Preferred Stock
BLCO,Bausch + Lomb Corporation,CAD,TSX,Common Stock
BLDP,BALLARD POWER SYSTEMS INC Common Stock,CAD,TSX,Common Stock
BLK,BLK,CAD,TSX,Common Stock
BLN,Blackline Safety Corp.,CAD,TSX,Common Stock
BLX,Boralex Inc.,CAD,TSX,Common Stock
BMO,Bank of Montreal,CAD,TSX,Common Stock
BMO.PR.E,Bank of Montreal Series 44 Preferred Stock,CAD,TSX,Preferred Stock
BMW,Bayerische Motoren Werke Aktiengesellschaft (ADR),CAD,TSX,Depositary Receipt
BN,Brookfield Corporation,CAD,TSX,Common Stock
BNE,Bonterra Energy Corp.,CAD,TSX,Common Stock
BNG,Bengal Energy Ltd.,CAD,TSX,Common Stock
BNK.PR.A,Big Banc Split Corp Preferred Stock,CAD,TSX,Preferred Stock
BN.PF.A,Brookfield Corporation Preferred Stock 6.744% Perpetual,CAD,TSX,Preferred Stock
BN.PF.B,Brookfield Corporation Preferred Stock 6.145% Perpetual,CAD,TSX,Preferred Stock
BN.PF.C,Brookfield Corporation Preferred Stock 4.85% Perpetual,CAD,TSX,Preferred Stock
BN.PF.D,Brookfield Corporation 4.9% Perpetual Preferred Stock,CAD,TSX,Preferred Stock
BN.PF.E,Brookfield Corporation Preferred Stock Perpetual 3.568%,CAD,TSX,Preferred Stock
BN.PF.F,Brookfield Corporation,CAD,TSX,Preferred Stock
BN.PF.G,Brookfield Corporation Preferred Stock 3.254% Perpetual,CAD,TSX,Preferred Stock
BN.PF.I,Brookfield Corporation 5.386% Perpetual Preferred Stock,CAD,TSX,Preferred Stock
BN.PF.J,Brookfield Corporation,CAD,TSX,Preferred Stock
BN.PF.K,Brookfield Corporation 5.45% Perpetual Preferred Stock,CAD,TSX,Preferred Stock
BN.PF.L,Brookfield Corporation Preferred Stock 2.75% Perpetual,CAD,TSX,Preferred Stock
BN.PF.M,BN.PF.M,CAD,TSX,Common Stock
BN.PR.B,Brookfield Corp,CAD,TSX,Common Stock
BN.PR.C,Brookfield Corporation Preferred Stock 5.45% Perpetual,CAD,TSX,Preferred Stock
BN.PR.K,Brookfield Corporation 5.45% Perpetual Preferred Stock,CAD,TSX,Preferred Stock
BN.PR.M,Brookfield Corporation Preferred Stock 4.75% Perpetual,CAD,TSX,Preferred Stock
BN.PR.N,Brookfield Corporation Preferred Stock 4.75% Perpetual,CAD,TSX,Preferred Stock
BN.PR.R,"Brookfield Corporation Preferred Stock, 3.237% Perpetual",CAD,TSX,Preferred Stock
BN.PR.T,Brookfield Corporation,CAD,TSX,Common Stock
BN.PR.X,"Brookfield Corporation Preferred Stock V, 4.606%, Perpetual",CAD,TSX,Preferred Stock
BN.PR.Z,Brookfield Corporation Preferred Stock V6.089 PERP 30,CAD,TSX,Preferred Stock
BNS,Bank of Nova Scotia,CAD,TSX,Common Stock
BNT,Brookfield Wealth Solutions Ltd.,CAD,TSX,Common Stock
BOFA,Bank of America Corporation CDR,CAD,TSX,Depositary Receipt
BOIL,Beyond Oil Ltd.,CAD,TSX,Common Stock
BOS,AirBoss of America Corp.,CAD,TSX,Common Stock
BPO.PR.A,Brookfield Properties Corporation Preferred 4.71% Perpetual,CAD,TSX,Preferred Stock
BPO.PR.C,Brookfield Office Properties Inc. 6.12% Perpetual Preferred Stock,CAD,TSX,Preferred Stock
BPO.PR.E,Brookfield Office Properties Inc. Preferred Stock 5.496% Perpetual,CAD,TSX,Preferred Stock
BPO.PR.G,Brookfield Office Properties Inc. Preferred Stock 6.546% Perpetual,CAD,TSX,Preferred Stock
BPO.PR.I,Brookfield Office Properties Inc. Preferred Stock 6.359% Perpetual,CAD,TSX,Preferred Stock
BPO.PR.N,Brookfield Office Properties Inc. Preferred Stock Series V4.01 Perpetual,CAD,TSX,Preferred Stock
BPO.PR.P,Brookfield Office Properties Inc. Preferred Stock 4.536% Perpetual,CAD,TSX,Preferred Stock
BPO.PR.R,Brookfield Office Properties Inc. Preferred Stock 4.3% Perpetual,CAD,TSX,Preferred Stock
BPO.PR.T,Brookfield Office Properties Inc. Preferred Stock 6.79% Perpetual,CAD,TSX,Preferred Stock
BPO.PR.W,Brookfield Office Properties Inc.,CAD,TSX,Preferred Stock
BPO.PR.X,Brookfield Office Properties Inc.,CAD,TSX,Preferred Stock
BPO.PR.Y,Brookfield Office Properties Inc. Preferred Stock 5.2% Perpetual,CAD,TSX,Preferred Stock
BPS.PR.A,Brookfield Property Split Corporation Preferred Stock,CAD,TSX,Preferred Stock
BPS.PR.B,Brookfield Property Split Corp. Preferred Stock 5% Perpetual,CAD,TSX,Preferred Stock
BPS.PR.C,Brookfield Property Split Corp. Preferred Stock 5.2% Perpetual,CAD,TSX,Preferred Stock
BPS.PR.U,Brookfield Property Split Corp. Preferred Stock 5.25% Perpetual,USD,TSX,Preferred Stock
BPYP.PR.A,BROOKFIELD PROPERTY PREF LP SER,CAD,TSX,Preferred Stock
BR,Big Rock Brewery Inc.,CAD,TSX,Common Stock
BRAG,Bragg Gaming Group Inc.,CAD,TSX,Common Stock
BRE,Bridgemarq Real Estate Services Inc.,CAD,TSX,Common Stock
BRF.PR.A,Brookfield Renewable Partners L.P. 3.355% Perpetual Preferred,CAD,TSX,Preferred Stock
BRF.PR.B,Brookfield Renewable Power Preferred 5.69% Perpetual,CAD,TSX,Preferred Stock
BRF.PR.C,Brookfield Renewable Power Preferred 6.519% Perpetual,CAD,TSX,Preferred Stock
BRF.PR.E,Brookfield Renewable Power Preferred 5 Perpetual,CAD,TSX,Preferred Stock
BRF.PR.F,Brookfield Renewable Power Preferred Part 6,CAD,TSX,Preferred Stock
BRK,Berkshire Hathaway Inc.,CAD,TSX,Depositary Receipt
BRY,Bri-Chem Corp.,CAD,TSX,Common Stock
BSX,Belo Sun Mining Corp,CAD,TSX,Common Stock
BTB.UN,BTB Real Estate Investment Trust,CAD,TSX,REIT
BTE,Baytex Energy Corp,CAD,TSX,Common Stock
BTO,B2Gold Corp,CAD,TSX,Common Stock
BU,Burcon NutraScience Corporation,CAD,TSX,Common Stock
BX,BX,CAD,TSX,Common Stock
BYD,Boyd Group Services Inc.,CAD,TSX,Common Stock
BYL,Baylin Technologies Inc.,CAD,TSX,Common Stock
CAE,CAE Inc.,CAD,TSX,Common Stock
CAR.UN,Canadian Apartment Properties Real Estate Investment Trust,CAD,TSX,REIT
CAS,Cascades Inc.,CAD,TSX,Common Stock
CATR,Caterpillar Inc. Canadian Depository Receipt (CAD Hedged),CAD,TSX,Depositary Receipt
CCA,Cogeco Communications Inc.,CAD,TSX,Common Stock
CCL.A,CCL Industries Inc.,CAD,TSX,Common Stock
CCL.B,Ccl Industries Inc.,CAD,TSX,Common Stock
CCM,Canagold Resources Ltd.,CAD,TSX,Common Stock
CCO,Cameco Corporation,CAD,TSX,Common Stock
CCS.PR.C,Co-operators General Insurance Company Preferred Stock 5% Perpetual,CAD,TSX,Preferred Stock
CDR,Condor Energies Inc.,CAD,TSX,Common Stock
CEGS,Constellation Energy CDR (CAD Hedged),CAD,TSX,Depositary Receipt
CEMX,Cematrix Corporation,CAD,TSX,Common Stock
CEU,Ces Energy Solutions Corp.,CAD,TSX,Common Stock
CF,Canaccord Genuity Group Inc.,CAD,TSX,Common Stock
CFF,Conifex Timber Inc.,CAD,TSX,Common Stock
CFP,Canfor Corporation,CAD,TSX,Common Stock
CF.PR.A,Canaccord Genuity Group Inc.,CAD,TSX,Preferred Stock
CF.PR.C,Canaccord Genuity Group Inc. Preferred 6.837% Perpetual,CAD,TSX,Preferred Stock
CFW,Calfrac Well Services Ltd.,CAD,TSX,Common Stock
CFX,Canfor Pulp Products Inc.,CAD,TSX,Common Stock
CG,Centerra Gold Inc.,CAD,TSX,Common Stock
CGG,China Gold International Resources Corp. Ltd.,CAD,TSX,Common Stock
CGO,Cogeco Inc.,CAD,TSX,Common Stock
CGX,Cineplex Inc.,CAD,TSX,Common Stock
CGY,Calian Group Ltd.,CAD,TSX,Common Stock
CHEV,Chevron Corporation Shs -CAD hedged- Canadian Depositary Receipt Repr Shs Reg S,CAD,TSX,Depositary Receipt
CHP.UN,Choice Properties Real Estate Investment Trust,CAD,TSX,REIT
CHR,Chorus Aviation Inc.,CAD,TSX,Common Stock
CIA,Champion Iron Limited,CAD,TSX,Common Stock
CIGI,Colliers International Group Inc.,CAD,TSX,Common Stock
CITI,CITI,CAD,TSX,Common Stock
CIU.PR.A,CU Inc. Preferred Stock 4.6% Perpetual,CAD,TSX,Preferred Stock
CIU.PR.C,CU Inc. Preferred Stock 2.29% Perpetual,CAD,TSX,Preferred Stock
CJ,Cardinal Energy Ltd.,CAD,TSX,Common Stock
CJR.B,Corus Entertainment Inc.,CAD,TSX,Common Stock
CJT,Cargojet Inc.,CAD,TSX,Common Stock
CKI,Clarke Inc.,CAD,TSX,Common Stock
CLS,Celestica Inc.,CAD,TSX,Common Stock
CM,Canadian Imperial Bank of Commerce,CAD,TSX,Common Stock
CMG,Computer Modelling Group Ltd.,CAD,TSX,Common Stock
CMGS,Chipotle Mexican Grill Inc. Canadian Depositary Receipt,CAD,TSX,Depositary Receipt
CM.PR.S,Canadian Imperial Bank of Commerce Preferred Stock 5.878% Perpetual,CAD,TSX,Preferred Stock
CNL,Collective Mining Ltd.,CAD,TSX,Common Stock
CNQ,Canadian Natural Resources Limited,CAD,TSX,Common Stock
CNR,Canadian National Railway Company,CAD,TSX,Common Stock
CNT,Century Global Commodities Corporation,CAD,TSX,Common Stock
COIN,"Coinbase Global, Inc. Canadian Depositary Receipt",CAD,TSX,Depositary Receipt
COLA,Coca-Cola Company,CAD,TSX,Depositary Receipt
COPR,Coppernico Metals Inc.,CAD,TSX,Common Stock
COST,Costco Wholesale Corporation,CAD,TSX,Depositary Receipt
CP,Canadian Pacific Kansas City Limited,CAD,TSX,Common Stock
CPH,Cipher Pharmaceuticals Inc.,CAD,TSX,Common Stock
CPKR,Canada Packers Inc.,CAD,TSX,Common Stock
CPX,Capital Power Corporation,CAD,TSX,Common Stock
CPX.PR.A,Capital Power Corporation Preferred Stock Series 1 2.621%,CAD,TSX,Preferred Stock
CPX.PR.C,Capital Power Corporation 6.86% Perpetual Preferred Stock,CAD,TSX,Preferred Stock
CPX.PR.E,Capital Power Corporation Preferred Stock 6.631% Perpetual,CAD,TSX,Preferred Stock
CRDL,Cardiol Therapeutics Inc.,CAD,TSX,Common Stock
CRM,Salesforce.com Inc - CDR,CAD,TSX,Depositary Receipt
CRON,Cronos Group Inc.,CAD,TSX,Common Stock
CRR.UN,Crombie Real Estate Investment Trust,CAD,TSX,REIT
CRRX,CareRx Corporation,CAD,TSX,Common Stock
CRT.UN,CT Real Estate Investment Trust,CAD,TSX,REIT
CRWD,CrowdStrike Holdings Inc. Canadian Depositary Receipt,CAD,TSX,Depositary Receipt
CRWN,Crown Capital Partners Inc.,CAD,TSX,Common Stock
CS,Capstone Copper Corp.,CAD,TSX,Common Stock
CSCI,Cosciens Biopharma Inc.,CAD,TSX,Common Stock
CSCO,Cisco Systems Inc.,CAD,TSX,Depositary Receipt
CSE.PR.A,Capstone Infrastructure Corporation Callable Perpetual Preferred Shares Series A,CAD,TSX,Preferred Stock
CSU,Constellation Software Inc.,CAD,TSX,Common Stock
CSW.A,Corby Spirit and Wine Ltd.,CAD,TSX,Common Stock
CSW.B,Corby Spirit and Wine Limited,CAD,TSX,Common Stock
CTC,"Canadian Tire Corporation, Limited",CAD,TSX,Common Stock
CTC.A,"Canadian Tire Corporation, Limited",CAD,TSX,Common Stock
CTX,Crescita Therapeutics Inc.,CAD,TSX,Common Stock
CU,Canadian Utilities Ltd.,CAD,TSX,Common Stock
CU.PR.C,Canadian Utilities Ltd. 5.2% Perpetual Preferred Stock,CAD,TSX,Preferred Stock
CU.PR.D,Canadian Utilities Ltd. Series AA 4.9% Perpetual Preferred Stock,CAD,TSX,Preferred Stock
CU.PR.E,Canadian Utilities Limited Cumulative Redeemable Second Preferred Shares Series BB 4.9% Perpetual,CAD,TSX,Preferred Stock
CU.PR.F,Canadian Utilities Ltd. Preferred Stock 4.5% Perpetual,CAD,TSX,Preferred Stock
CU.PR.G,Canadian Utilities Ltd,CAD,TSX,Preferred Stock
CU.PR.H,Canadian Utilities Ltd,CAD,TSX,Preferred Stock
CU.PR.J,Canadian Utilities Ltd. Preferred Stock 4.75% Perpetual,CAD,TSX,Preferred Stock
CU.PR.K,CU.PR.K,CAD,TSX,Common Stock
CUP.U,Caribbean Utilities Co. Ltd.,USD,TSX,Common Stock
CURA,"Curaleaf Holdings, Inc.",CAD,TSX,Common Stock
CVE,Cenovus Energy Inc.,CAD,TSX,Common Stock
CVE.PR.A,Cenovus Energy Inc. Preferred Stock 2.404% Perpetual,CAD,TSX,Preferred Stock
CVE.PR.B,Cenovus Energy Inc. Preferred Stock 4.59% Perpetual,CAD,TSX,Preferred Stock
CVG,Clairvest Group Inc.,CAD,TSX,Common Stock
CVO,Coveo Solutions Inc.,CAD,TSX,Common Stock
CVS,CVS,CAD,TSX,Common Stock
CVVY,Cavvy Energy Ltd.,CAD,TSX,Common Stock
CWEB,Charlottes Web Holdings Inc.,CAD,TSX,Common Stock
CWL,Caldwell Partners International Inc.,CAD,TSX,Common Stock
CXI,Currency Exchange International Corp.,CAD,TSX,Common Stock
DAY,Dayforce Inc.,CAD,TSX,Common Stock
DBM,Doman Building Materials Group Ltd.,CAD,TSX,Common Stock
DBO,D-Box Technologies Inc.,CAD,TSX,Common Stock
DC.A,Dundee Corporation,CAD,TSX,Common Stock
DCBO,Docebo Inc.,CAD,TSX,Common Stock
DCM,Data Communications Management Corp.,CAD,TSX,Common Stock
DEER,DEER,CAD,TSX,Common Stock
DFN.PR.A,Dividend 15 Split Corp. Preferred 5.25%,CAD,TSX,Preferred Stock
DF.PR.A,"Dividend 15 Split Corp. II Preferred Stock, 7% Callable 2029",CAD,TSX,Preferred Stock
DFY,Definity Financial Corp.,CAD,TSX,Common Stock
DGS.PR.A,Dividend Growth Split Corp. Preferred 6.75%,CAD,TSX,Preferred Stock
DIAM,Star Diamond Corporation,CAD,TSX,Common Stock
DII.A,Dorel Industries Inc.,CAD,TSX,Common Stock
DII.B,Dorel Industries Inc.,CAD,TSX,Common Stock
DIR.UN,Dream Industrial Real Estate Investment Trust,CAD,TSX,REIT
DIS,The Walt Disney Company Canadian Depositary Receipt (CAD Hedged),CAD,TSX,Depositary Receipt
DIV,Diversified Royalty Corp,CAD,TSX,Common Stock
DLCG,Dominion Lending Centres Inc.,CAD,TSX,Common Stock
DML,Denison Mines Corp.,CAD,TSX,Common Stock
DND,Dye & Durham Ltd.,CAD,TSX,Common Stock
DNG,Dynacor Group Inc.,CAD,TSX,Common Stock
DNTL,Dentalcorp Holdings Ltd.,CAD,TSX,Common Stock
DOL,Dollarama Inc.,CAD,TSX,Common Stock
DOO,BRP Inc. Subordinate Voting Shares,CAD,TSX,Common Stock
DPM,DPM Metals Inc.,CAD,TSX,Common Stock
DR,Medical Facilities Corporation,CAD,TSX,Common Stock
DRM,Dream Unlimited Corp.,CAD,TSX,Common Stock
DRT,Dirtt Environmental Solutions Ltd.,CAD,TSX,Common Stock
DRX,Adf Group Inc.,CAD,TSX,Common Stock
DSG,The Descartes Systems Group Inc.,CAD,TSX,Common Stock
DSV,Discovery Silver Corp,CAD,TSX,Common Stock
DTOL,D2L Inc.,CAD,TSX,Common Stock
D.UN,Dream Office Real Estate Investment Trust,CAD,TSX,REIT
DXT,Dexterra Group Inc.,CAD,TSX,Common Stock
DYA,DynaCERT Inc.,CAD,TSX,Common Stock
E,Enterprise Group Inc.,CAD,TSX,Common Stock
EAGR,East Side Games Group Inc.,CAD,TSX,Common Stock
ECN,Ecn Capital Corp,CAD,TSX,Common Stock
ECN.PR.C,ECN Capital Corp Preferred Stock 7.937% Perpetual,CAD,TSX,Preferred Stock
ECO,Ecosynthetix Inc.,CAD,TSX,Common Stock
ECOR,Ecora Resources Plc,CAD,TSX,Common Stock
EDR,Endeavour Silver Corp.,CAD,TSX,Common Stock
EDT,Spectral Medical Inc.,CAD,TSX,Common Stock
EDV,Endeavour Mining plc,CAD,TSX,Common Stock
EFN,Element Fleet Management Corp.,CAD,TSX,Common Stock
EFR,Energy Fuels Inc.,CAD,TSX,Common Stock
EFX,Enerflex Ltd.,CAD,TSX,Common Stock
EGLX,Enthusiast Gaming Holdings Inc.,CAD,TSX,Common Stock
EIF,Exchange Income Corporation,CAD,TSX,Common Stock
EIT.PR.A,Canoe EIT Income Fund Preferred Stock 4.8% Perpetual,CAD,TSX,Preferred Stock
ELD,Eldorado Gold Corporation,CAD,TSX,Common Stock
ELEF,Silver Elephant Mining Corp.,CAD,TSX,Common Stock
ELF,E-L Financial Corporation Limited,CAD,TSX,Common Stock
ELF.PR.F,E-L Financial Corporation Limited Preferred Stock,CAD,TSX,Preferred Stock
ELF.PR.G,E-L Financial Corporation Preferred 4.75% Perpetual,CAD,TSX,Preferred Stock
ELF.PR.H,E-L Financial Corporation Limited 5.5% Perpetual Preferred Stock,CAD,TSX,Preferred Stock
ELO,Eloro Resources Ltd,CAD,TSX,Common Stock
ELR,Eastern Platinum Ltd.,CAD,TSX,Common Stock
ELVA,Electrovaya Inc.,CAD,TSX,Common Stock
EMA,Emera Inc.,CAD,TSX,Common Stock
EMA.PR.A,Emera Inc. Preferred Stock Perpetual Series A,CAD,TSX,Preferred Stock
EMA.PR.C,Emera Inc. Preferred Stock 6.434% Perpetual,CAD,TSX,Preferred Stock
EMA.PR.E,Emera Inc. Preferred Stock 4.5% Perpetual,CAD,TSX,Preferred Stock
EMA.PR.F,Emera Inc. Preferred Stock 4.25% Perpetual,CAD,TSX,Preferred Stock
EMA.PR.H,Emera Inc. Preferred Stock 6.324% Perpetual,CAD,TSX,Preferred Stock
EMA.PR.J,Emera Inc. Preferred Stock 4.25% PERP,CAD,TSX,Preferred Stock
EMA.PR.L,Emera Inc. Preferred Stock 4.6% Perpetual,CAD,TSX,Preferred Stock
EMP.A,Empire Co Ltd.,CAD,TSX,Common Stock
ENB,Enbridge Inc.,CAD,TSX,Common Stock
ENB.PF.A,Enbridge Inc. Preferred Stock,CAD,TSX,Preferred Stock
ENB.PF.C,Enbridge Inc. Preferred Stock 3.94% PERP,CAD,TSX,Preferred Stock
ENB.PF.E,Enbridge Inc,CAD,TSX,Preferred Stock
ENB.PF.G,Enbridge Inc,CAD,TSX,Preferred Stock
ENB.PF.K,Enbridge Inc. Preferred Stock 6.212% Perpetual,CAD,TSX,Preferred Stock
ENB.PF.U,Enbridge Inc,USD,TSX,Preferred Stock
ENB.PF.V,Enbridge Inc,USD,TSX,Preferred Stock
ENB.PR.A,Enbridge Inc,CAD,TSX,Preferred Stock
ENB.PR.B,Enbridge Inc,CAD,TSX,Preferred Stock
ENB.PR.D,Enbridge Inc. 5.412% Perpetual Preferred Stock,CAD,TSX,Preferred Stock
ENB.PR.F,Enbridge Inc. Preferred Stock 5.538% Perpetual,CAD,TSX,Preferred Stock
ENB.PR.G,Enbridge Inc.,CAD,TSX,Preferred Stock
ENB.PR.H,Enbridge Inc. 6.112% Perpetual Preferred Stock,CAD,TSX,Preferred Stock
ENB.PR.I,Enbridge Inc. Preferred Stock 5.16% Perpetual,CAD,TSX,Preferred Stock
ENB.PR.J,Enbridge Inc,CAD,TSX,Preferred Stock
ENB.PR.N,Enbridge Inc. Preferred Stock 6.696%,CAD,TSX,Preferred Stock
ENB.PR.P,Enbridge Inc. Preferred Stock 5.918% Perpetual,CAD,TSX,Preferred Stock
ENB.PR.T,Enbridge Inc. 6.314% Perpetual Preferred Stock,CAD,TSX,Preferred Stock
ENB.PR.V,Enbridge Inc,USD,TSX,Preferred Stock
ENB.PR.Y,Enbridge Inc. Preferred Stock 5.288% Perpetual,CAD,TSX,Preferred Stock
ENB.PR.Z,Enbridge Inc. Preferred 5.432% Perpetual Stock,CAD,TSX,Preferred Stock
ENGH,Enghouse Systems Ltd.,CAD,TSX,Common Stock
ENS.PR.A,E Split Corp. Preferred 5.25% Series,CAD,TSX,Preferred Stock
EPRX,Eupraxia Pharmaceuticals Inc.,CAD,TSX,Common Stock
EQB,Eqb Inc.,CAD,TSX,Common Stock
EQX,Equinox Gold Corp.,CAD,TSX,Common Stock
ERD,Erdene Resource Development Corporation,CAD,TSX,Common Stock
ERE.UN,European Residential Real Estate Investment Trust,CAD,TSX,REIT
ERO,Ero Copper Corp.,CAD,TSX,Common Stock
ESI,Ensign Energy Services Inc.,CAD,TSX,Common Stock
ESM,Euro Sun Mining Inc.,CAD,TSX,Common Stock
ESP.PR.A,"Brompton Energy Split Corp. Preferred Stock, 6.5% 03/28/2025",CAD,TSX,Preferred Stock
ET,Evertz Technologies Ltd.,CAD,TSX,Common Stock
ETG,Entree Resources Ltd.,CAD,TSX,Common Stock
EXE,Extendicare Inc.,CAD,TSX,Common Stock
F,Ford Motor Company,CAD,TSX,Depositary Receipt
FAR,Foraco International S.A.,CAD,TSX,Common Stock
FC,Firm Capital Mortgage Investment Corporation,CAD,TSX,Common Stock
FC.DBM,FC.DBM,CAD,TSX,Common Stock
FCD.UN,Firm Capital Property Trust,CAD,TSX,REIT
FCR.UN,First Capital Real Estate Investment Trust,CAD,TSX,REIT
FDY,Faraday Copper Corp.,CAD,TSX,Common Stock
FEC,Frontera Energy Corporation,CAD,TSX,Common Stock
FF,First Mining Gold Corp.,CAD,TSX,Common Stock
FFH,Fairfax Financial Holdings Limited,CAD,TSX,Common Stock
FFH.PR.I,Fairfax Financial Holdings Ltd. Preferred Stock 3.327% Perpetual,CAD,TSX,Preferred Stock
FFH.PR.J,Fairfax Financial Holdings Limited Preferred 5.95% Perpetual,CAD,TSX,Preferred Stock
FFH.PR.K,Fairfax Financial Holdings Ltd,CAD,TSX,Preferred Stock
FFH.U,Fairfax Financial Holdings Limited,USD,TSX,Common Stock
FFM,FireFly Metals Ltd,CAD,TSX,Common Stock
FFN.PR.A,North American Financial Preferred Stock 5.25%,CAD,TSX,Preferred Stock
FI,Fiserv CDR (CAD Hedged),CAD,TSX,Depositary Receipt
FIH.U,Fairfax India Holdings Corporation,USD,TSX,Common Stock
FISV,Fiserv Canadian Depositary Receipts (CAD Hedged),CAD,TSX,Depositary Receipt
FLNT,Flint Corp.,CAD,TSX,Common Stock
FM,First Quantum Minerals Ltd.,CAD,TSX,Common Stock
FMR,Future Mineral Resources Inc.,CAD,TSX,Common Stock
FN.PR.A,First National Financial Corp. Preferred Stock Series 2.895% Perpetual,CAD,TSX,Preferred Stock
FN.PR.B,First National Financial Preferred Stock 5.14% Perpetual,CAD,TSX,Preferred Stock
FNV,Franco-Nevada Corporation,CAD,TSX,Common Stock
FOM,Foran Mining Corporation,CAD,TSX,Common Stock
FOOD,Goodfood Market Corp.,CAD,TSX,Common Stock
FORA,VerticalScope Holdings Inc.,CAD,TSX,Common Stock
FRU,Freehold Royalties Ltd.,CAD,TSX,Common Stock
FRX,Fennec Pharmaceuticals Inc.,CAD,TSX,Common Stock
FSV,FirstService Corporation,CAD,TSX,Common Stock
FSY,Forsys Metals Corp.,CAD,TSX,Common Stock
FSZ,Fiera Capital Corporation,CAD,TSX,Common Stock
FSZ.DBC,FSZ.DBC,CAD,TSX,Common Stock
FT,Fortune Minerals Ltd.,CAD,TSX,Common Stock
FTG,Firan Technology Group Corporation,CAD,TSX,Common Stock
FTN.PR.A,Financial 15 Split Corp. Preferred Stock Series 7.5% due 12/01/2025,CAD,TSX,Preferred Stock
FTS,Fortis Inc.,CAD,TSX,Common Stock
FTS.PR.F,Fortis Inc. Preferred Stock 4.9% Perpetual,CAD,TSX,Preferred Stock
FTS.PR.G,Fortis Inc-Canada,CAD,TSX,Preferred Stock
FTS.PR.H,Fortis Inc. Preferred Stock 1.835% Perpetual,CAD,TSX,Preferred Stock
FTS.PR.I,Fortis Inc. Preferred Stock 4.28% Perpetual,CAD,TSX,Preferred Stock
FTS.PR.J,Fortis Inc. Preferred Stock 4.75% Perpetual,CAD,TSX,Preferred Stock
FTS.PR.K,Fortis Inc. Preferred Stock 5.469% Perpetual,CAD,TSX,Preferred Stock
FTS.PR.M,Fortis Inc. Preferred Stock 5.493% Perpetual,CAD,TSX,Preferred Stock
FTT,Finning International Inc.,CAD,TSX,Common Stock
FTU.PR.B,US Financial 15 Split Corp. Preferred Stock 8.37% Due 12/01/30,CAD,TSX,Preferred Stock
FURY,Fury Gold Mines Limited,CAD,TSX,Common Stock
FVI,Fortuna Mining Corp,CAD,TSX,Common Stock
FVL,Freegold Ventures Ltd.,CAD,TSX,Common Stock
GAU,Galiano Gold Inc.,CAD,TSX,Common Stock
GBT,BMTC Group Inc.,CAD,TSX,Common Stock
GCG,Guardian Capital Group Ltd.,CAD,TSX,Common Stock
GCG.A,Guardian Capital Group Ltd.,CAD,TSX,Common Stock
GCL,Colabor Group Inc.,CAD,TSX,Common Stock
GCU,Gunnison Copper Corporation,CAD,TSX,Common Stock
GDC,Genesis Land Development Corp.,CAD,TSX,Common Stock
GDI,GDI Integrated Facility Services Inc.,CAD,TSX,Common Stock
GDL,Goodfellow Inc.,CAD,TSX,Common Stock
GDV.PR.A,Global Dividend Growth Split Corp.,CAD,TSX,Preferred Stock
GE,GE,CAD,TSX,Common Stock
GEC,Global Education Communities Corp.,CAD,TSX,Common Stock
GEI,Gibson Energy Inc.,CAD,TSX,Common Stock
GENM,Generation Mining Ltd.,CAD,TSX,Common Stock
GEO,Geodrill Ltd.,CAD,TSX,Common Stock
GEV,GE Vernova Inc. CDR,CAD,TSX,Depositary Receipt
GFL,GFL Environmental Inc.,CAD,TSX,Common Stock
GFP,GreenFirst Forest Products Inc.,CAD,TSX,Common Stock
GFR,Greenfire Resources Ltd.,CAD,TSX,Common Stock
GGD,GoGold Resources Inc.,CAD,TSX,Common Stock
GGD.WT,GGD.WT,CAD,TSX,Common Stock
GH,Gamehost Inc.,CAD,TSX,Common Stock
GIB.A,CGI Inc.,CAD,TSX,Common Stock
GIL,Gildan Activewear Inc.,CAD,TSX,Common Stock
GILD,GILD,CAD,TSX,Depositary Receipt
GLG,GLG Life Tech Corporation,CAD,TSX,Common Stock
GLO,Global Atomic Corporation,CAD,TSX,Common Stock
GLXY,Galaxy Digital Inc. Class A Common Stock,CAD,TSX,Common Stock
GMIN,G Mining Ventures Corp.,CAD,TSX,Common Stock
GMX,Globex Mining Enterprises Inc.,CAD,TSX,Common Stock
GOLD,Goldmining Inc.,CAD,TSX,Common Stock
GOOG,Alphabet Inc.,CAD,TSX,Depositary Receipt
GOOS,Canada Goose Holdings Inc.,CAD,TSX,Common Stock
GO.U,GO Residential Real Estate Investment Trust,USD,TSX,REIT
GRA,Nanoxplore Inc.,CAD,TSX,Common Stock
GRC,Gold Springs Resource Corp.,CAD,TSX,Common Stock
GRGD,Groupe Dynamite Inc.,CAD,TSX,Common Stock
GRID,Tantalus Systems Holding Inc.,CAD,TSX,Common Stock
GRN,Greenlane Renewables Inc.,CAD,TSX,Common Stock
GRT.UN,Granite Real Estate Investment Trust,CAD,TSX,REIT
GS,"The Goldman Sachs Group, Inc. CDR",CAD,TSX,Depositary Receipt
GSY,Goeasy Ltd.,CAD,TSX,Common Stock
GTE,Gran Tierra Energy Inc.,CAD,TSX,Common Stock
GTWO,G2 Goldfields Inc.,CAD,TSX,Common Stock
GUD,Knight Therapeutics Inc.,CAD,TSX,Common Stock
GURU,Guru Organic Energy Corp.,CAD,TSX,Common Stock
GVC,Glacier Media Inc.,CAD,TSX,Common Stock
GWO,Great-West Lifeco Inc.,CAD,TSX,Common Stock
GWO.PR.G,Great-West Lifeco Inc. Preferred Stock 5.2% Perpetual,CAD,TSX,Preferred Stock
GWO.PR.H,Great-West Lifeco Inc. Preferred Stock 4.85% Perpetual,CAD,TSX,Preferred Stock
GWO.PR.I,Great-West Lifeco Inc. Preferred Stock 4.5% Perpetual,CAD,TSX,Preferred Stock
GWO.PR.L,Great-West Lifeco Inc. Preferred Stock 5.65% Perpetual,CAD,TSX,Preferred Stock
GWO.PR.M,Great-West Lifeco Inc. Preferred Stock,CAD,TSX,Preferred Stock
GWO.PR.N,Great-West Lifeco Inc. Preferred Stock 1.749% Perpetual,CAD,TSX,Preferred Stock
GWO.PR.P,Great-West Lifeco Inc. 5.4% Perpetual Preferred Stock,CAD,TSX,Preferred Stock
GWO.PR.Q,Great-West Lifeco Inc. 5.15% Perpetual Preferred Stock,CAD,TSX,Preferred Stock
GWO.PR.R,Great-West Lifeco Inc. Preferred Stock 4.8% Perpetual,CAD,TSX,Preferred Stock
GWO.PR.S,Great-West Lifeco Inc. Preferred Stock 5.25% Perpetual,CAD,TSX,Preferred Stock
GWO.PR.T,Great-West Lifeco Inc. 5.15% Perpetual Preferred Stock,CAD,TSX,Preferred Stock
GWO.PR.Y,Great-West Lifeco Inc. Preferred Stock 4.5% Perpetual,CAD,TSX,Preferred Stock
GWO.PR.Z,Great-West Lifeco Inc. 5.70% Perpetual Preferred Stock,CAD,TSX,Preferred Stock
H,Hydro One Ltd.,CAD,TSX,Common Stock
HAI,Haivision Systems Inc.,CAD,TSX,Common Stock
HBM,Hudbay Minerals Inc.,CAD,TSX,Common Stock
HBP,Helix BioPharma Corp.,CAD,TSX,Common Stock
HD,HD,CAD,TSX,Common Stock
HFPC.U,Helios Fairfax Partners Corporation,USD,TSX,Common Stock
HLF,High Liner Foods Inc.,CAD,TSX,Common Stock
HLS,HLS Therapeutics Inc.,CAD,TSX,Common Stock
HMM.A,Hammond Manufacturing Co. Ltd.,CAD,TSX,Common Stock
HOM.U,BSR Real Estate Investment Trust,USD,TSX,REIT
HOM.UN,BSR Real Estate Investment Trust,CAD,TSX,REIT
HON,Honeywell International Inc. Shs Sponsored Canadian Depositary Receipt,CAD,TSX,Depositary Receipt
HOOD,"Robinhood Markets, Inc. American Depositary Receipt",CAD,TSX,Depositary Receipt
HOT.U,American Hotel Income Properties REIT L.P.,USD,TSX,Limited Partnership
HOT.UN,American Hotel Income Properties REIT LP,CAD,TSX,Limited Partnership
HPS.A,Hammond Power Solutions Inc.,CAD,TSX,Common Stock
HR.UN,H&R Real Estate Investment Trust,CAD,TSX,REIT
HSLV,Highlander Silver Corp.,CAD,TSX,Common Stock
HUT,Hut 8 Corp.,CAD,TSX,Common Stock
HWO,High Arctic Energy Services Inc.,CAD,TSX,Common Stock
HWX,Headwater Exploration Inc.,CAD,TSX,Common Stock
IAG,IA Financial Corporation Inc.,CAD,TSX,Common Stock
IAU,I-80 Gold Corp.,CAD,TSX,Common Stock
IAU.WTU,IAU.WTU,USD,TSX,Common Stock
IBM,International Business Machines Corp. Canadian Depositary Receipt (CAD Hedged),CAD,TSX,Depositary Receipt
ICE,Canlan Ice Sports Corp.,CAD,TSX,Common Stock
IE,Ivanhoe Electric Inc.,CAD,TSX,Common Stock
IFA,iFabric Corp.,CAD,TSX,Common Stock
IFC,Intact Financial Corporation,CAD,TSX,Common Stock
IFC.PR.A,Intact Financial Corporation Preferred Stock 4.841% Perpetual,CAD,TSX,Preferred Stock
IFC.PR.C,Intact Financial Corp Preferred 3.457% Perpetual,CAD,TSX,Preferred Stock
IFC.PR.E,Intact Financial Corp. 5.2% Perpetual Preferred Stock,CAD,TSX,Preferred Stock
IFC.PR.F,Intact Financial Corporation Preferred Stock 5.3% Perpetual,CAD,TSX,Preferred Stock
IFC.PR.G,Intact Financial Corp,CAD,TSX,Preferred Stock
IFC.PR.I,Intact Financial Corporation Preferred Stock 5.4% Perpetual,CAD,TSX,Preferred Stock
IFC.PR.K,Intact Financial Corporation Preferred Stock 5.25% Perpetual,CAD,TSX,Preferred Stock
IFC.PR.M,Intact Financial Corporation 5.5% Perpetual Preferred Stock,CAD,TSX,Preferred Stock
IFP,Interfor Corporation,CAD,TSX,Common Stock
IGM,IGM Financial Inc.,CAD,TSX,Common Stock
III,Imperial Metals Corp.,CAD,TSX,Common Stock
IIP.UN,InterRent Real Estate Investment Trust,CAD,TSX,REIT
ILLM,Illumin Holdings Inc.,CAD,TSX,Common Stock
IMG,Iamgold Corporation,CAD,TSX,Common Stock
IMO,Imperial Oil Limited,CAD,TSX,Common Stock
IMP,Intermap Technologies Corp.,CAD,TSX,Common Stock
INGS,ING Groep N.V.,CAD,TSX,Depositary Receipt
INO.UN,Inovalis Real Estate Investment Trust,CAD,TSX,REIT
INTC,Intel Corporation Canadian Depositary Receipt,CAD,TSX,Depositary Receipt
IPCO,International Petroleum Corp.,CAD,TSX,Common Stock
IPO,InPlay Oil Corp.,CAD,TSX,Common Stock
ISC,Information Services Corporation,CAD,TSX,Common Stock
ISO,IsoEnergy Ltd.,CAD,TSX,Common Stock
IS.PR.A,"Infrastructure Diversified Split Corp., 7.20% Preferred Shares, due April 30, 2029",CAD,TSX,Preferred Stock
ISRG,"Intuitive Surgical, Inc. ADR",CAD,TSX,Depositary Receipt
ITH,International Tower Hill Mines Ltd.,CAD,TSX,Common Stock
IVN,Ivanhoe Mines Ltd.,CAD,TSX,Common Stock
IVQ,Invesque Inc.,CAD,TSX,Common Stock
IVQ.U,Invesque Inc.,USD,TSX,Common Stock
JAG,Jaguar Mining Inc.,CAD,TSX,Common Stock
JNJ,JNJ,CAD,TSX,Common Stock
JOY,Journey Energy Inc.,CAD,TSX,Common Stock
JPM,JPMorgan Chase & Co. Canadian Depositary Receipt,CAD,TSX,Depositary Receipt
JWEL,Jamieson Wellness Inc.,CAD,TSX,Common Stock
K,Kinross Gold Corporation,CAD,TSX,Common Stock
KBL,K-Bro Linen Inc.,CAD,TSX,Common Stock
KEI,Kolibri Global Energy Inc.,CAD,TSX,Common Stock
KEL,Kelt Exploration Ltd.,CAD,TSX,Common Stock
KEY,Keyera Corp.,CAD,TSX,Common Stock
KEY.R,Keyera Corp.,CAD,TSX,Common Stock
KITS,Kits Eyecare Ltd.,CAD,TSX,Common Stock
KKR,KKR & Co. Inc. CDR,CAD,TSX,Depositary Receipt
KLS,Kelso Technologies Inc.,CAD,TSX,Common Stock
KMP.UN,Killam Apartment Real Estate Investment Trust,CAD,TSX,REIT
KNT,K92 Mining Inc.,CAD,TSX,Common Stock
KPT,KP Tissue Inc.,CAD,TSX,Common Stock
KRN,Karnalyte Resources Inc.,CAD,TSX,Common Stock
KSI,Kneat.com Inc.,CAD,TSX,Common Stock
KXS,Kinaxis Inc.,CAD,TSX,Common Stock
L,Loblaw Companies Ltd.,CAD,TSX,Common Stock
LABS,MediPharm Labs Corp.,CAD,TSX,Common Stock
LAC,Lithium Americas Corp.,CAD,TSX,Common Stock
LAM,Laramide Resources Ltd.,CAD,TSX,Common Stock
LAR,Lithium Argentina AG,CAD,TSX,Common Stock
LAS.A,Lassonde Industries Inc.,CAD,TSX,Common Stock
LB,Laurentian Bank of Canada,CAD,TSX,Common Stock
LB.PR.H,Laurentian Bank of Canada Preferred Stock 6.196% Perpetual,CAD,TSX,Preferred Stock
LBS.PR.A,Life & Banc Split Corp. 7.25% Preferred Stock,CAD,TSX,Preferred Stock
LCFS,Tidewater Renewables Ltd.,CAD,TSX,Common Stock
LCS.PR.A,Brompton Lifeco Split Corp.,CAD,TSX,Preferred Stock
LFE.PR.B,Canadian Life Companies Split Corp. Class F Preferred Shares 7.2%,CAD,TSX,Preferred Stock
LGD,Liberty Gold Corp,CAD,TSX,Common Stock
LGO,Largo Inc.,CAD,TSX,Common Stock
LIF,Labrador Iron Ore Royalty Corporation,CAD,TSX,Common Stock
LIRC,Lithium Royalty Corp.,CAD,TSX,Common Stock
LLY,Eli Lilly CDR,CAD,TSX,Depositary Receipt
LMT,Lockheed Martin Corporation Canadian Depositary Receipt,CAD,TSX,Depositary Receipt
LN,Loncor Gold Inc.,CAD,TSX,Common Stock
LNF,Leon's Furniture Ltd.,CAD,TSX,Common Stock
LNR,Linamar Corporation,CAD,TSX,Common Stock
LORL,L'OREAL SA ADR (LOR0),CAD,TSX,Depositary Receipt
LSPD,Lightspeed Commerce Inc.,CAD,TSX,Common Stock
LUC,Lucara Diamond Corp,CAD,TSX,Common Stock
LUG,Lundin Gold Inc.,CAD,TSX,Common Stock
LULU,Lululemon Athletica Inc. Canadian Depositary Receipt (CAD Hedged),CAD,TSX,Depositary Receipt
LUN,Lundin Mining Corporation,CAD,TSX,Common Stock
LVMH,"LVMH Moët Hennessy Louis Vuitton, Société Européenne – Depositary Receipt (underlying: LVMH Moët Hennessy Louis Vuitton SE, Euronext Paris)",CAD,TSX,Depositary Receipt
MA,MA,CAD,TSX,Common Stock
MAK.U,MAK Acquisition Corp. Units,USD,TSX,Common Stock
MAK.WTU,MAK.WTU,USD,TSX,Common Stock
MAL,Magellan Aerospace Corporation,CAD,TSX,Common Stock
MARI,Marimaca Copper Corp.,CAD,TSX,Common Stock
MATR,Mattr Corporation,CAD,TSX,Common Stock
MAU,Montage Gold Corp.,CAD,TSX,Common Stock
MBX,Microbix Biosystems Inc.,CAD,TSX,Common Stock
MCB,Mccoy Global Inc.,CAD,TSX,Common Stock
MCDS,McDonald's Corporation Canadian Depositary Receipt,CAD,TSX,Depositary Receipt
MDA,MDA Space Ltd.,CAD,TSX,Common Stock
MDI,Major Drilling Group International Inc.,CAD,TSX,Common Stock
MDNA,Medicenna Therapeutics Corp.,CAD,TSX,Common Stock
MDP,Medexus Pharmaceuticals Inc.,CAD,TSX,Common Stock
MEQ,Mainstreet Equity Corp,CAD,TSX,Common Stock
MER,MEREN ENERGY INC COMMON STOCK,CAD,TSX,Common Stock
META,Meta Platforms Inc.,CAD,TSX,Depositary Receipt
MFC,Manulife Financial Corporation,CAD,TSX,Common Stock
MFC.PR.B,Manulife Financial Corp,CAD,TSX,Preferred Stock
MFC.PR.C,Manulife Financial Corporation,CAD,TSX,Preferred Stock
MFC.PR.F,Manulife Financial Corporation Preferred Stock 2.348% Perpetual,CAD,TSX,Preferred Stock
MFC.PR.I,Manulife Financial Corporation Preferred Stock 5.978% Perpetual,CAD,TSX,Preferred Stock
MFC.PR.J,Manulife Financial Corporation Preferred Stock 6.159% Perpetual,CAD,TSX,Preferred Stock
MFC.PR.K,Manulife Financial Corporation Preferred Stock 6.35% Perpetual,CAD,TSX,Preferred Stock
MFC.PR.L,Manulife Financial Corporation Preferred Stock 5.775% Perpetual,CAD,TSX,Preferred Stock
MFC.PR.M,Manulife Financial Corp,CAD,TSX,Preferred Stock
MFC.PR.N,"Manulife Financial Corporation, 3.675% Perpetual Preferred Stock",CAD,TSX,Preferred Stock
MFC.PR.P,Manulife Financial Corporation Preferred Stock,CAD,TSX,Preferred Stock
MFC.PR.Q,Manulife Financial Corporation Preferred 5.942% Perpetual,CAD,TSX,Preferred Stock
MFI,Maple Leaf Foods Inc.,CAD,TSX,Common Stock
MG,Magna International Inc.,CAD,TSX,Common Stock
MGA,Mega Uranium Ltd.,CAD,TSX,Common Stock
MHC.U,Flagship Communities Real Estate Investment Trust,USD,TSX,REIT
MHC.UN,Flagship Communities Real Estate Investment Trust,CAD,TSX,REIT
MIC.PR.A,Sagen MI Canada Inc. Preferred Stock 5.4% Perpetual,CAD,TSX,Preferred Stock
MI.UN,Minto Apartment Real Estate Investment Trust,CAD,TSX,REIT
MKP,Mcan Mortgage Corporation,CAD,TSX,Common Stock
MKZ.UN,Mackenzie Master Limited Partnership,CAD,TSX,Limited Partnership
MMMM,3M Company Canadian Depositary Receipt,CAD,TSX,Depositary Receipt
MNO,Meridian Mining Plc,CAD,TSX,Common Stock
MOGO,Orion Digital Corp.,CAD,TSX,Common Stock
MOLY,Greenland Resources Inc.,CAD,TSX,Common Stock
MPC,Madison Pacific Properties Inc.,CAD,TSX,Common Stock
MPC.C,Madison Pacific Properties Inc.,CAD,TSX,Common Stock
MPCT.UN,Dream Impact Trust,CAD,TSX,REIT
MPVD,Mountain Province Diamonds Inc.,CAD,TSX,Common Stock
MRC,Morguard Corporation,CAD,TSX,Common Stock
MRD,Melcor Developments Ltd.,CAD,TSX,Common Stock
MRE,Martinrea International Inc.,CAD,TSX,Common Stock
MRG.UN,Morguard North American Residential Real Estate Investment Trust,CAD,TSX,REIT
MRK,"Merck & Co., Inc.",CAD,TSX,Depositary Receipt
MRT.UN,Morguard Real Estate Investment Trust Units,CAD,TSX,REIT
MRU,Metro Inc.,CAD,TSX,Common Stock
MS,Morgan Stanley,CAD,TSX,Depositary Receipt
MSA,Mineros S.A.,CAD,TSX,Common Stock
MSCL,Satellos Bioscience Inc.,CAD,TSX,Common Stock
MSFT,Microsoft Corporation CDR,CAD,TSX,Depositary Receipt
MSRE.UN,Sustainable Real Estate Dividend Fund,CAD,TSX,Common Stock
MSTR,Strategy Inc. Depositary Receipt,CAD,TSX,Depositary Receipt
MSV,Minco Silver Corporation,CAD,TSX,Common Stock
MTL,Mullen Group Ltd.,CAD,TSX,Common Stock
MTY,MTY Food Group Inc.,CAD,TSX,Common Stock
MU,MU,CAD,TSX,Common Stock
MUX,McEwen Mining Inc.,CAD,TSX,Common Stock
MX,Methanex Corporation,CAD,TSX,Common Stock
MXG,Maxim Power Corp.,CAD,TSX,Common Stock
NA,National Bank of Canada,CAD,TSX,Common Stock
NANO,Nano One Materials Corp.,CAD,TSX,Common Stock
NA.PR.C,National Bank of Canada 7.027% Perpetual Preferred Stock,CAD,TSX,Preferred Stock
NA.PR.E,National Bank of Canada 5.818% Perpetual Preferred Stock,CAD,TSX,Preferred Stock
NA.PR.G,National Bank of Canada Preferred Stock 7.056% Perpetual,CAD,TSX,Preferred Stock
NA.PR.I,National Bank of Canada Preferred Stock,CAD,TSX,Preferred Stock
NA.PR.K,National Bank of Canada Preferred 7.651% Perpetual,CAD,TSX,Preferred Stock
NA.PR.S,National Bank of Canada,CAD,TSX,Preferred Stock
NCF,Northcliff Resources Ltd.,CAD,TSX,Common Stock
NDM,Northern Dynasty Minerals Ltd.,CAD,TSX,Common Stock
NEE,"NextEra Energy, Inc. Shs Unsponsored Canadian Depository Receipt Hedged Reg S",CAD,TSX,Depositary Receipt
NEO,Neo Performance Materials Inc.,CAD,TSX,Common Stock
NEXT,NextSource Materials Inc.,CAD,TSX,Common Stock
NFI,NFI Group Inc.,CAD,TSX,Common Stock
NFLX,"Netflix, Inc. Canadian Depositary Receipt",CAD,TSX,Depositary Receipt
NG,NovaGold Resources Inc.,CAD,TSX,Common Stock
NGD,New Gold Inc.,CAD,TSX,Common Stock
NGEX,NGEx Minerals Ltd.,CAD,TSX,Common Stock
NKE,"Nike, Inc. - CDR",CAD,TSX,Depositary Receipt
NOA,North American Construction Group Ltd.,CAD,TSX,Common Stock
NOU,Nouveau Monde Graphite Inc.,CAD,TSX,Common Stock
NOVO,Novo Nordisk A/S,CAD,TSX,Depositary Receipt
NOWS,ServiceNow Inc Canadian Depository Receipt (CAD Hedged),CAD,TSX,Depositary Receipt
NPI,Northland Power Inc.,CAD,TSX,Common Stock
NPI.PR.A,"Northland Power Inc. Preferred Stock, Series 1",CAD,TSX,Preferred Stock
NPI.PR.B,Northland Power Inc. Preferred Stock 3.1% Perpetual,CAD,TSX,Preferred Stock
NPK,Verde Agritech Ltd.,CAD,TSX,Common Stock
NPS.PR.A,Canadian Large Cap Lead NPS Preferred Stock 7.5% 02/28/29,CAD,TSX,Preferred Stock
NRR.UN,Northview Residential Real Estate Investment Trust,CAD,TSX,REIT
NSTL,Nestlé S.A. Depositary Receipt,CAD,TSX,Depositary Receipt
NTR,Nutrien Ltd.,CAD,TSX,Common Stock
NUAG,New Pacific Metals Corp.,CAD,TSX,Common Stock
NUMI,Numinus Wellness Inc.,CAD,TSX,Common Stock
NVA,NuVista Energy Ltd.,CAD,TSX,Common Stock
NVDA,Nvidia Corporation,CAD,TSX,Depositary Receipt
NVO,Novo Resources Corp.,CAD,TSX,Common Stock
NVS,Novartis AG American Depositary Receipt,CAD,TSX,Depositary Receipt
NWC,The North West Company Inc.,CAD,TSX,Common Stock
NWH.UN,Northwest Healthcare Properties REIT,CAD,TSX,REIT
NXE,NexGen Energy Ltd.,CAD,TSX,Common Stock
NXR.UN,Nexus Industrial Real Estate Investment Trust,CAD,TSX,REIT
OBE,Obsidian Energy Ltd.,CAD,TSX,Common Stock
OCG,Outcrop Silver & Gold Corporation,CAD,TSX,Common Stock
OGC,OceanaGold Corporation,CAD,TSX,Common Stock
OGD,Orbit Garant Drilling Inc.,CAD,TSX,Common Stock
OGI,Organigram Global Inc.,CAD,TSX,Common Stock
OLA,Orla Mining Ltd.,CAD,TSX,Common Stock
OLY,Olympia Financial Group Inc.,CAD,TSX,Common Stock
OM,Osisko Metals Incorporated,CAD,TSX,Common Stock
ONEX,Onex Corporation,CAD,TSX,Common Stock
OPT,Optiva Inc.,CAD,TSX,Common Stock
OR,OR ROYALTIES INC COMMON STOCK,CAD,TSX,Common Stock
ORAC,ORAC,CAD,TSX,Common Stock
ORE,Orezone Gold Corporation,CAD,TSX,Common Stock
ORIO,ORIO,CAD,TSX,Common Stock
ORV,Orvana Minerals Corp.,CAD,TSX,Common Stock
OTEX,Open Text Corporation,CAD,TSX,Common Stock
OVV,Ovintiv Inc.,CAD,TSX,Common Stock
OXY,Occidental Petroleum Corporation,CAD,TSX,Depositary Receipt
PAAS,Pan American Silver Corp.,CAD,TSX,Common Stock
PANW,"Palo Alto Networks, Inc.",CAD,TSX,Common Stock
PBH,Premium Brands Holdings Corp,CAD,TSX,Common Stock
PBH.DBK,PBH.DBK,CAD,TSX,Common Stock
PBH.R,Premium Brands Holdings Corporation Subscription Rights,CAD,TSX,Common Stock
PBL,Pollard Banknote Ltd.,CAD,TSX,Common Stock
PD,Precision Drilling Corporation,CAD,TSX,Common Stock
PDN,Paladin Energy Ltd,CAD,TSX,Common Stock
PDV.PR.A,Prime Dividend Corp Preferred Stock 7.8%,CAD,TSX,Preferred Stock
PEP,PepsiCo Inc. Canadian Depositary Receipt,CAD,TSX,Depositary Receipt
PET,Pet Valu Holdings Ltd.,CAD,TSX,Common Stock
PEY,Peyto Exploration & Development Corp.,CAD,TSX,Common Stock
PFE,Pfizer Inc. Canadian Depositary Receipt,CAD,TSX,Depositary Receipt
PG,Procter & Gamble CDR (CAD Hedged),CAD,TSX,Depositary Receipt
PGIC.PR.A,Prem Global Income Split Corporation,CAD,TSX,Preferred Stock
PHX,PHX Energy Services Corp.,CAD,TSX,Common Stock
PIC.PR.A,Premium Income Corporation Preferred Stock 8.5%,CAD,TSX,Preferred Stock
PIF,Polaris Renewable Energy Inc.,CAD,TSX,Common Stock
PLTR,Palantir Technologies Inc.,CAD,TSX,Common Stock
PLZ.UN,Plaza Retail REIT,CAD,TSX,REIT
PMET,PMET Resources Inc.,CAD,TSX,Common Stock
PMZ.UN,Primaris Real Estate Investment Trust,CAD,TSX,REIT
PNC.A,Postmedia Network Canada Corp.,CAD,TSX,Common Stock
PNC.B,Postmedia Network Canada Corp. Class NC Variable Voting Shares,CAD,TSX,Common Stock
PNE,Pine Cliff Energy Ltd.,CAD,TSX,Common Stock
PNP,Pinetree Capital Ltd.,CAD,TSX,Common Stock
POU,Paramount Resources Ltd.,CAD,TSX,Common Stock
POW,Power Corporation of Canada,CAD,TSX,Common Stock
POW.PR.A,Power Corporation of Canada Preferred Stock 5.6% Perpetual,CAD,TSX,Preferred Stock
POW.PR.B,Power Corporation of Canada Preferred 5.35% Perpetual,CAD,TSX,Preferred Stock
POW.PR.C,Power Corporation of Canada Preferred Stock 5.8% Perpetual,CAD,TSX,Preferred Stock
POW.PR.D,Power Corporation of Canada Preferred Stock 5% Perpetual,CAD,TSX,Preferred Stock
POW.PR.G,Power Corporation of Canada,CAD,TSX,Preferred Stock
POW.PR.H,Power Corporation of Canada 5.75% Perpetual Preferred Stock,CAD,TSX,Preferred Stock
POW.PR.I,POW.PR.I,CAD,TSX,Common Stock
PPL,Pembina Pipeline Corporation,CAD,TSX,Common Stock
PPL.PF.A,Pembina Pipeline Corp,CAD,TSX,Preferred Stock
PPL.PF.E,Pembina Pipeline Corporation 6.481% Perpetual Preferred Stock,CAD,TSX,Preferred Stock
PPL.PR.A,Pembina Pipeline Corp,CAD,TSX,Preferred Stock
PPL.PR.C,Pembina Pipeline Corporation Preferred Stock 6.019% Perpetual,CAD,TSX,Preferred Stock
PPL.PR.E,Pembina Pipeline Corporation Preferred Stock 6.814% Perpetual,CAD,TSX,Preferred Stock
PPL.PR.G,Pembina Pipeline Corporation Preferred 5.953% Perpetual,CAD,TSX,Preferred Stock
PPL.PR.O,Pembina Pipeline Corporation Preferred Stock 6.164% Perpetual,CAD,TSX,Preferred Stock
PPL.PR.Q,Pembina Pipeline Corporation Preferred Stock 6.605% Perpetual,CAD,TSX,Preferred Stock
PPR,Prairie Provident Resources Inc.,CAD,TSX,Common Stock
PPTA,Perpetua Resources Corp.,CAD,TSX,Common Stock
PRB,Probe Gold Inc.,CAD,TSX,Common Stock
PRL,Propel Holdings Inc.,CAD,TSX,Common Stock
PRM.PR.A,Big Pharma Split Corp Preferred Stock,CAD,TSX,Preferred Stock
PRN,Profound Medical Corp.,CAD,TSX,Common Stock
PRQ,Petrus Resources Ltd.,CAD,TSX,Common Stock
PRU,Perseus Mining Limited,CAD,TSX,Common Stock
PRV.UN,Pro Real Estate Investment Trust,CAD,TSX,REIT
PSD,Pulse Seismic Inc.,CAD,TSX,Common Stock
PSI,Pason Systems Inc.,CAD,TSX,Common Stock
PSK,PrairieSky Royalty Ltd.,CAD,TSX,Common Stock
PTM,Platinum Group Metals Ltd.,CAD,TSX,Common Stock
PVS.PR.F,Partners Value Split Corp,CAD,TSX,Preferred Stock
PVS.PR.H,Partners Value Split Corp Preferred 4.7% Due 02/28/2027,CAD,TSX,Preferred Stock
PVS.PR.J,Partners Value Split Corp.,CAD,TSX,Preferred Stock
PVS.PR.K,Partners Value Split Corp. Preferred Stock 4.45%,CAD,TSX,Preferred Stock
PVS.PR.L,"Partners Value Split Corp. 5.5% Preferred Shares, Series 14, due June 30, 2030",CAD,TSX,Preferred Stock
PVS.PR.M,Partners Value Split Corp. 5.15% Preferred Shares Series 15,CAD,TSX,Preferred Stock
PVS.PR.U,"Partners Value Split Corp. Preferred Shares, Series 16, 5.4% Due March 31, 2032",USD,TSX,Preferred Stock
PVS.PR.V,Partners Value Split Corp. 5.25% Class AA Preferred Shares Series 17,USD,TSX,Preferred Stock
PWF.PF.A,Power Corporation of Canada Preferred Stock 4.5% Perpetual,CAD,TSX,Preferred Stock
PWF.PR.A,Power Financial Corporation Preferred Stock 4.165% Perpetual,CAD,TSX,Preferred Stock
PWF.PR.E,Power Corporation of Canada Preferred Stock 5.5% Perpetual,CAD,TSX,Preferred Stock
PWF.PR.F,Power Financial Corporation Preferred Stock 5.25% Perpetual,CAD,TSX,Preferred Stock
PWF.PR.G,Power Financial Corporation 5.9% Perpetual Preferred Stock,CAD,TSX,Preferred Stock
PWF.PR.H,Power Financial Corporation Preferred Stock 5.75% Perpetual,CAD,TSX,Preferred Stock
PWF.PR.K,Power Financial Corporation Preferred Stock 4.95% Perpetual,CAD,TSX,Preferred Stock
PWF.PR.L,Power Corporation of Canada,CAD,TSX,Preferred Stock
PWF.PR.O,Power Financial Corporation Preferred 5.8% Perpetual,CAD,TSX,Preferred Stock
PWF.PR.P,Power Financial Corporation Preferred Stock 1.998% Perpetual,CAD,TSX,Preferred Stock
PWF.PR.Q,Power Financial Corp. Preferred Stock 4.67% Perpetual,CAD,TSX,Preferred Stock
PWF.PR.R,Power Financial Corporation Preferred Stock 5.5% Perpetual,CAD,TSX,Preferred Stock
PWF.PR.S,Power Financial Corporation Preferred Stock 4.8% Perpetual,CAD,TSX,Preferred Stock
PWF.PR.T,Power Financial Corporation Preferred Class 5.595% Perpetual,CAD,TSX,Preferred Stock
PWF.PR.Z,Power Financial Corporation Preferred Stock 5.15% Perpetual,CAD,TSX,Preferred Stock
PWI.PR.A,Sustainable Power Infrastructure Preferred Stock,CAD,TSX,Preferred Stock
PXT,Parex Resources Inc.,CAD,TSX,Common Stock
PYPL,PYPL,CAD,TSX,Common Stock
PYR,PyroGenesis Inc.,CAD,TSX,Common Stock
PZA,Pizza Pizza Royalty Corp.,CAD,TSX,Common Stock
QBR.A,Quebecor Inc.,CAD,TSX,Common Stock
QBR.B,Quebecor Inc.,CAD,TSX,Common Stock
QCOM,QCOM,CAD,TSX,Common Stock
QEC,Questerre Energy Corporation,CAD,TSX,Common Stock
QIPT,Quipt Home Medical Corp.,CAD,TSX,Common Stock
QRC,Queen's Road Capital Investment Ltd.,CAD,TSX,Common Stock
QSP.UN,Restaurant Brands International Limited Partnership,CAD,TSX,Limited Partnership
QSR,Restaurant Brands International Inc.,CAD,TSX,Common Stock
QTRH,Quarterhill Inc.,CAD,TSX,Common Stock
RAY.A,Stingray Group Inc.,CAD,TSX,Common Stock
RAY.B,Stingray Group Inc.,CAD,TSX,Common Stock
RBA,Rb Global Inc.,CAD,TSX,Common Stock
RBY,Rubellite Energy Corp.,CAD,TSX,Common Stock
RCH,Richelieu Hardware Ltd.,CAD,TSX,Common Stock
RCI.A,Rogers Communications Inc.,CAD,TSX,Common Stock
RCI.B,Rogers Communications Inc.,CAD,TSX,Common Stock
RDDT,"Reddit, Inc.",CAD,TSX,Depositary Receipt
REAL,Real Matters Inc.,CAD,TSX,Common Stock
REI.UN,RioCan Real Estate Investment Trust,CAD,TSX,REIT
RGSI,Rockpoint Gas Storage Inc.,CAD,TSX,Common Stock
RIC,Richards Group Inc.,CAD,TSX,Common Stock
RIO,Rio2 Limited,CAD,TSX,Common Stock
RIO.R,Rio2 Limited,CAD,TSX,Common Stock
ROG,Roche Holding AG American Depositary Receipt,CAD,TSX,Depositary Receipt
ROOT,Roots Corporation,CAD,TSX,Common Stock
RPR.UN,Ravelin Properties REIT,CAD,TSX,REIT
RSI,Rogers Sugar Inc.,CAD,TSX,Common Stock
RS.PR.A,Real Estate Split Corp. Preferred Stock,CAD,TSX,Preferred Stock
RTG,RTG Mining Inc.,CAD,TSX,Common Stock
RTX,RTX,CAD,TSX,Common Stock
RUP,Rupert Resources Ltd.,CAD,TSX,Common Stock
RUS,Russel Metals Inc.,CAD,TSX,Common Stock
RVX,Resverlogix Corp.,CAD,TSX,Common Stock
RY,Royal Bank of Canada,CAD,TSX,Common Stock
RY.PR.S,Royal Bank of Canada Series V Preferred Stock,CAD,TSX,Preferred Stock
S,Sherritt International Corp.,CAD,TSX,Common Stock
SAM,Starcore International Mines Ltd.,CAD,TSX,Common Stock
SAP,Saputo Inc.,CAD,TSX,Common Stock
SAPS,SAPS,CAD,TSX,Common Stock
SAU,St Augustine Gold and Copper Ltd.,CAD,TSX,Common Stock
SBC.PR.A,Brompton Split Banc Corp Preferred Stock 6.25% 11/29/27,CAD,TSX,Preferred Stock
SBI,Serabi Gold plc,CAD,TSX,Common Stock
SBR,Silver Bear Resources Plc,CAD,TSX,Common Stock
SBUX,Starbucks Corporation Canadian Depositary Receipt,CAD,TSX,Depositary Receipt
SCHN,SCHNEIDER ELECTRIC SE UNSP ADR (SND0),CAD,TSX,Depositary Receipt
SCHW,The Charles Schwab Corporation Depositary Receipt,CAD,TSX,Depositary Receipt
SCR,Strathcona Resources Ltd.,CAD,TSX,Common Stock
SDE,Spartan Delta Corp,CAD,TSX,Common Stock
SEA,Seabridge Gold Inc.,CAD,TSX,Common Stock
SEC,Senvest Capital Inc.,CAD,TSX,Common Stock
SES,Secure Waste Infrastructure Corp.,CAD,TSX,Common Stock
SFC,Sagicor Financial Company Ltd.,CAD,TSX,Common Stock
SFD,NXT Energy Solutions Inc.,CAD,TSX,Common Stock
SFI,Solution Financial Inc.,CAD,TSX,Common Stock
SGD,Snowline Gold Corp.,CAD,TSX,Common Stock
SGR.U,Slate Grocery REIT,USD,TSX,REIT
SGR.UN,Slate Grocery REIT,CAD,TSX,REIT
SGY,Surge Energy Inc.,CAD,TSX,Common Stock
SHLE,Source Energy Services Ltd.,CAD,TSX,Common Stock
SHOP,Shopify Inc.,CAD,TSX,Common Stock
SIA,Sienna Senior Living Inc.,CAD,TSX,Common Stock
SII,Sprott Inc.,CAD,TSX,Common Stock
SIS,Savaria Corporation,CAD,TSX,Common Stock
SJ,Stella-Jones Inc.,CAD,TSX,Common Stock
SKE,Skeena Resources Ltd.,CAD,TSX,Common Stock
SLF,Sun Life Financial Inc.,CAD,TSX,Common Stock
SLF.PR.C,Sun Life Financial Inc.,CAD,TSX,Preferred Stock
SLF.PR.D,Sun Life Financial Inc. Preferred Stock 4.45% Perpetual,CAD,TSX,Preferred Stock
SLF.PR.E,Sun Life Financial Inc. Preferred Stock 4.5% Perpetual,CAD,TSX,Preferred Stock
SLF.PR.G,Sun Life Financial Inc. Preferred Stock 1.825% Perpetual,CAD,TSX,Preferred Stock
SLF.PR.H,Sun Life Financial Inc. Preferred Stock 2.967% Perpetual,CAD,TSX,Preferred Stock
SLF.PR.J,Sun Life Financial Inc.,CAD,TSX,Preferred Stock
SLF.PR.K,"Sun Life Financial Inc. Preferred Stock, 5.27% Perpetual",CAD,TSX,Preferred Stock
SLR,Solitario Resources Corp.,CAD,TSX,Common Stock
SLS,Solaris Resources Inc.,CAD,TSX,Common Stock
SLT,Saltire Capital Ltd.,CAD,TSX,Common Stock
SLT.U,Saltire Capital Ltd,USD,TSX,Common Stock
SMCI,"Super Micro Computer, Inc.",CAD,TSX,Common Stock
SMNS,Siemens AG American Depositary Receipt,CAD,TSX,Depositary Receipt
SNY,Sanofi SA Unsponsored Canadian Depositary Receipt Hedged Reg S,CAD,TSX,Depositary Receipt
SOBO,South Bow Corporation,CAD,TSX,Common Stock
SOIL,Saturn Oil & Gas Inc.,CAD,TSX,Common Stock
SOY,SunOpta Inc.,CAD,TSX,Common Stock
SPAC.RTU,MERCER PARK OPPORTUNITIES CORP ,USD,TSX,Common Stock
SPAC.U,Mercer Park Opportunities Corporation,USD,TSX,Common Stock
SPB,Superior Plus Corp.,CAD,TSX,Common Stock
SPGI,S&P Global Inc. CDR,CAD,TSX,Depositary Receipt
SRU.UN,SmartCentres Real Estate Investment Trust,CAD,TSX,REIT
SSRM,Ssr Mining Inc.,CAD,TSX,Common Stock
STC,Sangoma Technologies Corporation,CAD,TSX,Common Stock
STCK,Stack Capital Group Inc.,CAD,TSX,Common Stock
STCK.WTB,STCK.WTB,CAD,TSX,Common Stock
STGO,Steppe Gold Ltd.,CAD,TSX,Common Stock
STLR,Stellar Gold Inc.,CAD,TSX,Common Stock
STN,Stantec Inc.,CAD,TSX,Common Stock
STZ,Constellation Brands CDR (CAD Hedged),CAD,TSX,Depositary Receipt
SU,Suncor Energy Inc.,CAD,TSX,Common Stock
SVA,Sernova Biotherapeutics Inc,CAD,TSX,Common Stock
SVB,Silver Bull Resources Inc.,CAD,TSX,Common Stock
SVI,StorageVault Canada Inc.,CAD,TSX,Common Stock
SVI.DBD,SVI.DBD,CAD,TSX,Common Stock
SVM,Silvercorp Metals Inc.,CAD,TSX,Common Stock
SWP,Swiss Water Decaffeinated Coffee Inc.,CAD,TSX,Common Stock
SXGC,Southern Cross Gold Consolidated Ltd.,CAD,TSX,Common Stock
SXP,Supremex Inc.,CAD,TSX,Common Stock
SYZ,Sylogist Ltd.,CAD,TSX,Common Stock
SZLS,Stagezero Life Sciences Ltd.,CAD,TSX,Common Stock
T,TELUS Corporation,CAD,TSX,Common Stock
TA,TransAlta Corporation,CAD,TSX,Common Stock
TAL,Petrotal Corporation,CAD,TSX,Common Stock
TA.PR.D,TransAlta Corporation Preferred Stock 2.877%,CAD,TSX,Preferred Stock
TA.PR.E,TransAlta Corp. Preferred Stock,CAD,TSX,Preferred Stock
TA.PR.F,TransAlta Corp. Preferred Stock 5.854% Perpetual,CAD,TSX,Preferred Stock
TA.PR.G,TransAlta Corporation 6.17% Perpetual Preferred Stock,CAD,TSX,Preferred Stock
TA.PR.H,TransAlta Corporation 6.894% Perpetual Preferred Stock,CAD,TSX,Preferred Stock
TA.PR.J,TransAlta Corporation,CAD,TSX,Preferred Stock
TBL,Taiga Building Products Ltd.,CAD,TSX,Common Stock
TC,Tucows Inc.,CAD,TSX,Common Stock
TCL.A,Transcontinental Inc.,CAD,TSX,Common Stock
TCL.B,Transcontinental Inc.,CAD,TSX,Common Stock
TCS,Tecsys Inc.,CAD,TSX,Common Stock
TCW,Trican Well Service Ltd.,CAD,TSX,Common Stock
TD,The Toronto-Dominion Bank,CAD,TSX,Common Stock
TD.PF.A,Toronto-Dominion Bank 4.97% Perpetual Preferred Stock,CAD,TSX,Preferred Stock
TD.PF.I,Toronto-Dominion Bank 6.301% Preferred Stock,CAD,TSX,Preferred Stock
TD.PF.J,Toronto-Dominion Bank 5.747% Perpetual Preferred Stock,CAD,TSX,Preferred Stock
TECK.A,Teck Resources Ltd.,CAD,TSX,Common Stock
TECK.B,Teck Resources Ltd.,CAD,TSX,Common Stock
TF,Timbercreek Financial Corp.,CAD,TSX,Common Stock
TFII,TFI International Inc.,CAD,TSX,Common Stock
TFPM,Triple Flag Precious Metals Corp,CAD,TSX,Common Stock
TFPM.U,Triple Flag Precious Metals Corp.,USD,TSX,Common Stock
TGO,TeraGo Inc.,CAD,TSX,Common Stock
THNC,Thinkific Labs Inc.,CAD,TSX,Common Stock
TI,Titan Mining Corporation,CAD,TSX,Common Stock
TIH,Toromont Industries Ltd.,CAD,TSX,Common Stock
TINY,Tiny Ltd.,CAD,TSX,Common Stock
TINY.WT,TINY.WT,CAD,TSX,Common Stock
TJX,"The TJX Companies, Inc.",CAD,TSX,Depositary Receipt
TKO,Taseko Mines Ltd.,CAD,TSX,Common Stock
TLG,Troilus Mining Corp,CAD,TSX,Common Stock
TLO,Talon Metals Corp.,CAD,TSX,Common Stock
TLRY,"Tilray Brands, Inc.",CAD,TSX,Common Stock
TMO,Thermo Fisher Scientific CDR (CAD Hedged),CAD,TSX,Depositary Receipt
TMQ,Trilogy Metals Inc.,CAD,TSX,Common Stock
TNT.UN,True North Commercial Real Estate Investment Trust,CAD,TSX,REIT
TNZ,Tenaz Energy Corp.,CAD,TSX,Common Stock
TOT,Total Energy Services Inc.,CAD,TSX,Common Stock
TOU,Tourmaline Oil Corp.,CAD,TSX,Common Stock
TOY,Spin Master Corp,CAD,TSX,Common Stock
TPX.A,Molson Coors Canada Inc. Class A Exchangeable Shares,CAD,TSX,Common Stock
TPX.B,Molson Coors Canada Inc.,CAD,TSX,Common Stock
TPZ,Topaz Energy Corp.,CAD,TSX,Common Stock
TRI,Thomson Reuters Corporation,CAD,TSX,Common Stock
TRI.PR.B,Thomson Reuters Corporation Preferred 5.45% Perpetual,CAD,TSX,Preferred Stock
TRP,TC Energy Corporation,CAD,TSX,Common Stock
TRP.PR.A,TC Energy Corporation 4.939% Perpetual Preferred Stock,CAD,TSX,Preferred Stock
TRP.PR.B,TC Energy Corporation Preferred Stock Series 1.694% Perpetual,CAD,TSX,Preferred Stock
TRP.PR.C,TC Energy Corp. Preferred Stock 1.949% Perpetual,CAD,TSX,Preferred Stock
TRP.PR.D,TC Energy Corp. Preferred Perpetual 5.985%,CAD,TSX,Preferred Stock
TRP.PR.E,TC Energy Corp. Preferred Stock,CAD,TSX,Preferred Stock
TRP.PR.F,"TC Energy Corp, 4.75% Perpetual Preferred Stock",CAD,TSX,Preferred Stock
TRP.PR.H,TC Energy Corp. Preferred Stock 4.35% Perpetual,CAD,TSX,Preferred Stock
TRP.PR.I,TC Energy Corp. Preferred Stock 4.64% Perpetual,CAD,TSX,Preferred Stock
TRP.PR.L,TC Energy Corporation Preferred Stock 6.329% Perpetual,CAD,TSX,Preferred Stock
TRX,Trx Gold Corp.,CAD,TSX,Common Stock
TRZ,Transat A.T. Inc.,CAD,TSX,Common Stock
TSAT,Telesat Corporation,CAD,TSX,Common Stock
TSK,Talisker Resources Ltd.,CAD,TSX,Common Stock
TSK.WT,"Talisker Resources Ltd. Warrant (C$0.75, Exp. May 5, 2028)",CAD,TSX,Warrant
TSL,Tree Island Steel Ltd.,CAD,TSX,Common Stock
TSLA,Tesla Inc. CDR,CAD,TSX,Depositary Receipt
TSND,Terrascend Corp,CAD,TSX,Common Stock
TSU,Trisura Group Ltd.,CAD,TSX,Common Stock
TTES,TotalEnergies SE Depositary Receipt,CAD,TSX,Depositary Receipt
TTNM,Titanium Transportation Group Inc.,CAD,TSX,Common Stock
TVA.B,Tva Group Inc,CAD,TSX,Common Stock
TVE,Tamarack Valley Energy Ltd.,CAD,TSX,Common Stock
TVK,Terravest Industries Inc.,CAD,TSX,Common Stock
TWC,TWC Enterprises Ltd.,CAD,TSX,Common Stock
TWM,Tidewater Midstream and Infrastructure Ltd.,CAD,TSX,Common Stock
TXG,Torex Gold Resources Inc.,CAD,TSX,Common Stock
TXN,Texas Instruments Incorporated,CAD,TSX,Depositary Receipt
TXP,Touchstone Exploration Inc.,CAD,TSX,Common Stock
UBER,UBER,CAD,TSX,Common Stock
UBSS,UBS Group AG Canadian Depositary Receipt,CAD,TSX,Depositary Receipt
UNC.PR.A,United Corporations Ltd. Preferred Stock 1.5% Perpetual,CAD,TSX,Preferred Stock
UNC.PR.B,United Corporations Ltd Preferred Stock 1.5% Perpetual,CAD,TSX,Preferred Stock
UNC.PR.C,United Corporations Ltd. 1.5% Perpetual Preferred Stock,CAD,TSX,Preferred Stock
UNH,UnitedHealth Group Incorporated - Canadian Depositary Receipt,CAD,TSX,Depositary Receipt
UNI,Unisync Corp,CAD,TSX,Common Stock
UNP,Union Pacific Corporation - Depositary Receipt (Common Stock),CAD,TSX,Depositary Receipt
UPS,UPS,CAD,TSX,Common Stock
URB,Urbana Corporation,CAD,TSX,Common Stock
URB.A,Urbana Corporation,CAD,TSX,Common Stock
URC,Uranium Royalty Corp.,CAD,TSX,Common Stock
URE,Ur-Energy Inc.,CAD,TSX,Common Stock
USA,Americas Gold and Silver Corporation,CAD,TSX,Common Stock
VBNK,VersaBank,CAD,TSX,Common Stock
VCM,Vecima Networks Inc.,CAD,TSX,Common Stock
VET,Vermilion Energy Inc.,CAD,TSX,Common Stock
VGZ,Vista Gold Corp.,CAD,TSX,Common Stock
VHI,Vitalhub Corp.,CAD,TSX,Common Stock
VISA,Visa Inc. - CDR,CAD,TSX,Depositary Receipt
VLE,Valeura Energy Inc.,CAD,TSX,Common Stock
VLN,Velan Inc.,CAD,TSX,Common Stock
VMET,Versamet Royalties Corporation,CAD,TSX,Common Stock
VNP,5N Plus Inc.,CAD,TSX,Common Stock
VOXR,Vox Royalty Corp,CAD,TSX,Common Stock
VRTS,Vertiqal Studios Corp.,CAD,TSX,Common Stock
VZ,Verizon Communications Inc. Canadian Depositary Receipt (CDR),CAD,TSX,Depositary Receipt
VZLA,Vizsla Silver Corp.,CAD,TSX,Common Stock
WAST,"Waste Management, Inc. - Depositary Receipt",CAD,TSX,Depositary Receipt
WCM.A,Wilmington Capital Management Inc.,CAD,TSX,Common Stock
WCM.B,Wilmington Capital Management Inc.,CAD,TSX,Common Stock
WCN,Waste Connections Inc.,CAD,TSX,Common Stock
WCP,Whitecap Resources Inc.,CAD,TSX,Common Stock
WDO,Wesdome Gold Mines Ltd.,CAD,TSX,Common Stock
WEED,Canopy Growth Corporation,CAD,TSX,Common Stock
WEF,Western Forest Products Inc.,CAD,TSX,Common Stock
WELL,Well Health Technologies Corp.,CAD,TSX,Common Stock
WFC,Wall Financial Corporation,CAD,TSX,Common Stock
WFCS,Wells Fargo & Company,CAD,TSX,Depositary Receipt
WFG,West Fraser Timber Co. Ltd.,CAD,TSX,Common Stock
WGX,Westgold Resources Limited,CAD,TSX,Common Stock
WILD,WildBrain Ltd.,CAD,TSX,Common Stock
WJX,Wajax Corporation,CAD,TSX,Common Stock
WM,Wallbridge Mining Company Limited,CAD,TSX,Common Stock
WMT,Walmart Inc. Canadian Depositary Receipt,CAD,TSX,Depositary Receipt
WN,George Weston Limited,CAD,TSX,Common Stock
WNDR,WonderFi Technologies Inc.,CAD,TSX,Common Stock
WN.PR.A,George Weston Ltd. Preferred Stock 5.8% Perpetual,CAD,TSX,Preferred Stock
WN.PR.C,George Weston Ltd. 5.2% Perpetual Preferred Stock,CAD,TSX,Preferred Stock
WN.PR.D,George Weston Limited Preferred Perpetual 5.2%,CAD,TSX,Preferred Stock
WN.PR.E,George Weston Ltd. Preferred Stock 4.75% Perpetual,CAD,TSX,Preferred Stock
WPK,Winpak Ltd.,CAD,TSX,Common Stock
WPM,Wheaton Precious Metals Corp.,CAD,TSX,Common Stock
WPRT,Westport Fuel Systems Inc.,CAD,TSX,Common Stock
WRG,Western Energy Services Corp.,CAD,TSX,Common Stock
WRN,Western Copper and Gold Corporation,CAD,TSX,Common Stock
WRX,Western Resources Corp.,CAD,TSX,Common Stock
WSP,Wsp Global Inc.,CAD,TSX,Common Stock
WTE,Westshore Terminals Investment Corporation,CAD,TSX,Common Stock
X,TMX Group Limited,CAD,TSX,Common Stock
XAU,GoldMoney Inc.,CAD,TSX,Common Stock
XLY,Auxly Cannabis Group Inc.,CAD,TSX,Common Stock
XMF.PR.B,M Split Corp. Preferred Stock Series B,CAD,TSX,Preferred Stock
XMF.PR.C,M Split Corp Preferred Stock 7.5% 12/01/29,CAD,TSX,Preferred Stock
XOM,Exxon Mobil Corporation - CDR,CAD,TSX,Depositary Receipt
XTC,Exco Technologies Ltd.,CAD,TSX,Common Stock
XTD.PR.A,"TDB Split Corp., 5.25% Preferred Stock",CAD,TSX,Preferred Stock
XTG,Xtra-Gold Resources Corp.,CAD,TSX,Common Stock
XTRA,Xtract One Technologies Inc.,CAD,TSX,Common Stock
Y,Yellow Pages Limited,CAD,TSX,Common Stock
YCM.PR.A,Commerce Split Corp. Preferred Stock 6%,CAD,TSX,Preferred Stock
YCM.PR.B,Commerce Split Corp. Preferred 7.5% Series B,CAD,TSX,Preferred Stock
YGR,Yangarra Resources Ltd.,CAD,TSX,Common Stock
YRB,Yorbeau Resources Inc.,CAD,TSX,Common Stock
ZYNS,Philip Morris International Inc. Depositary Receipt,CAD,TSX,Depositary Receipt
